patient_id,group,state,state_fraction,state_mean,n_cells
V-0019.2,CI-NS,CM,0.4048507462686567,0.007828401398382489,217
V-0019.2,CI-NS,Eff/EM,0.5951492537313433,0.013610076168495296,319
V-0020.2,CI-NS,CM,0.17551622418879056,0.004710623191036415,357
V-0020.2,CI-NS,Eff/EM,0.8244837758112095,0.013099806884384616,1677
V-0022.2,CI-NS,CM,0.6446360153256705,-0.004040598970466568,673
V-0022.2,CI-NS,Eff/EM,0.3553639846743295,0.015105515120738544,371
V-0023.2,CI-NS,CM,0.18095504049148284,-0.009849152449598303,648
V-0023.2,CI-NS,Eff/EM,0.8190449595085172,0.0037892788876968974,2933
V-0026.2,CI-NS,CM,0.23641304347826086,-0.005732301006973179,261
V-0026.2,CI-NS,Eff/EM,0.7635869565217391,0.007800580977832895,843
V-0029.2,CI-NS,CM,0.094186902133922,-0.007720977885611979,384
V-0029.2,CI-NS,Eff/EM,0.905813097866078,0.006158740087649744,3693
V-0031.2,CI-NS,CM,0.30120481927710846,-0.012203442012666666,150
V-0031.2,CI-NS,Eff/EM,0.6987951807228916,0.002313397372873563,348
V-0035.2,CI-NS,CM,0.4418331374853114,-0.0031420857393413123,1128
V-0035.2,CI-NS,Eff/EM,0.5581668625146886,0.01181783223308772,1425
V-0036.2,CI-NS,CM,0.7896725440806045,-0.013812271488679424,2508
V-0036.2,CI-NS,Eff/EM,0.21032745591939547,0.0083362757637528,668
V-0042.2,CI-NS,CM,0.6574440052700923,-0.00486330896494195,1497
V-0042.2,CI-NS,Eff/EM,0.3425559947299078,0.015360380947030768,780
V-0043.2,CI-NS,CM,0.5,-0.0043584774574622065,426
V-0043.2,CI-NS,Eff/EM,0.5,0.010988682094361503,426
V-0058.2,CI-NS,CM,0.5785192909280501,-0.013564259936297405,2774
V-0058.2,CI-NS,Eff/EM,0.42148070907194995,0.008306795435301733,2021
V-0063.2,CI-NS,CM,0.33940556088207097,-0.00309367718020339,354
V-0063.2,CI-NS,Eff/EM,0.660594439117929,0.01013669400475617,689
V-0067.2,CI-NS,CM,0.7254143646408839,-0.010442767082291698,1313
V-0067.2,CI-NS,Eff/EM,0.274585635359116,0.0027865278541760563,497
V-0073.2,CI-NS,CM,0.2380557856945595,-0.007231517262120069,1724
V-0073.2,CI-NS,Eff/EM,0.7619442143054405,0.0055677226014910295,5518
V-0077.2,CI-NS,CM,0.3142523364485981,0.005251216197026023,269
V-0077.2,CI-NS,Eff/EM,0.6857476635514018,0.024515923168901194,587
V-0078.2,CI-NS,CM,0.31784582893347413,-0.015295484264937985,903
V-0078.2,CI-NS,Eff/EM,0.6821541710665259,0.00788469892779128,1938
V-0084.2,CI-NS,CM,0.16882027185769424,-0.00652139881604672,1006
V-0084.2,CI-NS,Eff/EM,0.8311797281423058,0.0044348455075179285,4953
V-0085.2,CI-NS,CM,0.36461187214611873,-0.002175247229346274,1597
V-0085.2,CI-NS,Eff/EM,0.6353881278538813,0.008849093394356989,2783
V-0018.2,CI-Sep,CM,0.4397843019772319,3.365495697002716e-05,734
V-0018.2,CI-Sep,Eff/EM,0.5602156980227682,0.014880684458702673,935
V-0021.2,CI-Sep,CM,0.620270643468655,-0.0042360992186749775,2246
V-0021.2,CI-Sep,Eff/EM,0.37972935653134493,0.008122469195225454,1375
V-0027.2,CI-Sep,CM,0.7969706735417338,-0.003114617026073999,2473
V-0027.2,CI-Sep,Eff/EM,0.20302932645826618,0.017839910094484126,630
V-0033.2,CI-Sep,CM,0.7219858156028369,0.0015405670242298623,509
V-0033.2,CI-Sep,Eff/EM,0.27801418439716313,0.01816993347260204,196
V-0034.2,CI-Sep,CM,0.41025641025641024,-0.005130244420532946,2064
V-0034.2,CI-Sep,Eff/EM,0.5897435897435898,0.011473997844687901,2967
V-0038.2,CI-Sep,CM,0.8616236162361623,-0.0013051295714207709,934
V-0038.2,CI-Sep,Eff/EM,0.13837638376383765,0.01992595245993333,150
V-0040.2,CI-Sep,CM,0.7223154362416108,-0.009105297440959814,861
V-0040.2,CI-Sep,Eff/EM,0.27768456375838924,0.00301172249244713,331
V-0041.2,CI-Sep,CM,0.35598602731025725,0.00550059746809099,1121
V-0041.2,CI-Sep,Eff/EM,0.6440139726897428,0.01224197421019921,2028
V-0053.2,CI-Sep,CM,0.7272727272727273,0.005065716433311688,1232
V-0053.2,CI-Sep,Eff/EM,0.2727272727272727,0.01635492797819264,462
V-0055.2,CI-Sep,CM,0.09654178674351585,0.017673415839104478,67
V-0055.2,CI-Sep,Eff/EM,0.9034582132564841,0.015352427333472089,627
V-0060.2,CI-Sep,CM,0.1993006993006993,0.004195253601684211,171
V-0060.2,CI-Sep,Eff/EM,0.8006993006993007,0.010502421054475982,687
V-0064.2,CI-Sep,CM,0.3499638467100506,-0.002380985945445661,484
V-0064.2,CI-Sep,Eff/EM,0.6500361532899493,0.018396754236225808,899
V-0068.2,CI-Sep,CM,0.7714491708723864,-0.002846407025037383,1070
V-0068.2,CI-Sep,Eff/EM,0.22855082912761354,0.019307027203154574,317
V-0072.2,CI-Sep,CM,0.7896995708154506,-0.007972826271878623,552
V-0072.2,CI-Sep,Eff/EM,0.21030042918454936,0.006982056407346939,147
V-0076.2,CI-Sep,CM,0.7624712202609363,-0.004483085500962255,1987
V-0076.2,CI-Sep,Eff/EM,0.2375287797390637,0.015977250796008077,619
V-0079.2,CI-Sep,CM,0.6015771686068344,-0.009739687457494383,1602
V-0079.2,CI-Sep,Eff/EM,0.3984228313931656,0.011422928225619227,1061
V-0081.2,CI-Sep,CM,0.3133561643835616,-0.0035089278826639344,366
V-0081.2,CI-Sep,Eff/EM,0.6866438356164384,0.011249241619362468,802
V-0086.2,CI-Sep,CM,0.6363636363636364,-0.004385576189265613,1582
V-0086.2,CI-Sep,Eff/EM,0.36363636363636365,0.004397545560622013,904
V-0089.2,CI-Sep,CM,0.8369251887439945,-0.008612283578026897,6097
V-0089.2,CI-Sep,Eff/EM,0.16307481125600548,0.012049807311651095,1188
