patient,group,CM,Eff/EM,total,Eff/EM_prop
NHC-0001,NHC,651,2323,2974,0.781102891728312
NHC-0002,NHC,385,2438,2823,0.8636202621324832
NHC-0003,NHC,404,2109,2513,0.8392359729407083
NHC-0004,NHC,440,1881,2321,0.8104265402843602
NHC-0005,NHC,1110,3653,4763,0.7669536006718455
NHC-0006,NHC,309,2525,2834,0.8909668313338038
NHC-0007,NHC,365,1850,2215,0.835214446952596
NHC-0009,NHC,397,3269,3666,0.8917075831969449
NHC-0010,NHC,1024,2720,3744,0.7264957264957265
V-0018.2,CI-Sep,734,935,1669,0.5602156980227682
V-0019.2,CI-NS,217,319,536,0.5951492537313433
V-0020.2,CI-NS,357,1677,2034,0.8244837758112095
V-0021.2,CI-Sep,2246,1375,3621,0.37972935653134493
V-0022.2,CI-NS,673,371,1044,0.3553639846743295
V-0023.2,CI-NS,648,2933,3581,0.8190449595085172
V-0026.2,CI-NS,261,843,1104,0.7635869565217391
V-0027.2,CI-Sep,2473,630,3103,0.20302932645826618
V-0029.2,CI-NS,384,3693,4077,0.905813097866078
V-0031.2,CI-NS,150,348,498,0.6987951807228916
V-0033.2,CI-Sep,509,196,705,0.27801418439716313
V-0034.2,CI-Sep,2064,2967,5031,0.5897435897435898
V-0035.2,CI-NS,1128,1425,2553,0.5581668625146886
V-0036.2,CI-NS,2508,668,3176,0.21032745591939547
V-0038.2,CI-Sep,934,150,1084,0.13837638376383765
V-0040.2,CI-Sep,861,331,1192,0.27768456375838924
V-0041.2,CI-Sep,1121,2028,3149,0.6440139726897428
V-0042.2,CI-NS,1497,780,2277,0.3425559947299078
V-0043.2,CI-NS,426,426,852,0.5
V-0053.2,CI-Sep,1232,462,1694,0.2727272727272727
V-0055.2,CI-Sep,67,627,694,0.9034582132564841
V-0058.2,CI-NS,2774,2021,4795,0.42148070907194995
V-0060.2,CI-Sep,171,687,858,0.8006993006993007
V-0063.2,CI-NS,354,689,1043,0.660594439117929
V-0064.2,CI-Sep,484,899,1383,0.6500361532899493
V-0067.2,CI-NS,1313,497,1810,0.274585635359116
V-0068.2,CI-Sep,1070,317,1387,0.22855082912761354
V-0072.2,CI-Sep,552,147,699,0.21030042918454936
V-0073.2,CI-NS,1724,5518,7242,0.7619442143054405
V-0076.2,CI-Sep,1987,619,2606,0.2375287797390637
V-0077.2,CI-NS,269,587,856,0.6857476635514018
V-0078.2,CI-NS,903,1938,2841,0.6821541710665259
V-0079.2,CI-Sep,1602,1061,2663,0.3984228313931656
V-0081.2,CI-Sep,366,802,1168,0.6866438356164384
V-0084.2,CI-NS,1006,4953,5959,0.8311797281423058
V-0085.2,CI-NS,1597,2783,4380,0.6353881278538813
V-0086.2,CI-Sep,1582,904,2486,0.36363636363636365
V-0089.2,CI-Sep,6097,1188,7285,0.16307481125600548
