patient,group,n_cells,mean_delta,mean_raw,mean_auc,med_nfeat
NHC-0001,NHC,2974,0.002810017489085037,0.07850136602041022,0.08450116348392737,1147.0
NHC-0002,NHC,2823,0.0039344788430253986,0.08033469577686858,0.086279281324938,1150.0
NHC-0003,NHC,2513,0.002815041700304019,0.07623471142922801,0.0808052251334262,1029.0
NHC-0004,NHC,2321,0.002769376465504179,0.08037273013186128,0.08665831599482982,1169.0
NHC-0005,NHC,4763,0.001509459173279236,0.07377600834052069,0.07765845203306738,963.0
NHC-0006,NHC,2834,0.004765658618186309,0.08405478795291108,0.09168430238443896,1313.0
NHC-0007,NHC,2215,0.0035259553426923254,0.08248979755923251,0.08924439475801355,1215.0
NHC-0009,NHC,3666,0.0014179453980073648,0.07670307937804147,0.0815136577264048,1054.0
NHC-0010,NHC,3744,-0.0008346348572849894,0.07477245935856038,0.07983759894922543,1089.0
V-0018.2,CI-Sep,1669,0.008351193952847813,0.09019648827804075,0.10039511088615938,1560.0
V-0019.2,CI-NS,536,0.011269360823132462,0.09373681418656717,0.10431059627425372,1563.0
V-0020.2,CI-NS,2034,0.011627369038501967,0.0921473082369715,0.10108131142104229,1382.5
V-0021.2,CI-Sep,3621,0.00045681201278403757,0.0786317907756559,0.08554976694399338,1211.0
V-0022.2,CI-NS,1044,0.00276324042401341,0.08637971293036398,0.09778419192547894,1709.5
V-0023.2,CI-NS,3581,0.0013213359928163362,0.07817256697666852,0.08401128043521362,1137.0
V-0026.2,CI-NS,1104,0.004601231160772762,0.08620067225946558,0.09578470134692028,1474.5
V-0027.2,CI-Sep,3103,0.0011397665014643893,0.07911968499719627,0.08648210632065743,1245.0
V-0029.2,CI-NS,4077,0.004851452449255703,0.08391268113805495,0.09102148939107187,1238.0
V-0031.2,CI-NS,498,-0.0020591446107228917,0.06369206873273092,0.0673219306558233,732.5
V-0033.2,CI-Sep,705,0.006163766774415603,0.09076873729787234,0.10290792800992908,1901.0
V-0034.2,CI-Sep,5031,0.00466200101793063,0.08570939359791294,0.0953428166610813,1509.0
V-0035.2,CI-NS,2553,0.005208044738806502,0.08443952505248727,0.09294830100274187,1404.0
V-0036.2,CI-NS,3176,-0.00915382389276484,0.06740698888698048,0.07298031989858313,1101.0
V-0038.2,CI-Sep,1084,0.0016327507834714022,0.08437161976512915,0.09409987029059041,1505.5
V-0040.2,CI-Sep,1192,-0.0057405880467,0.0709174786614933,0.07710677102684564,1153.0
V-0041.2,CI-Sep,3149,0.009842138285174341,0.09193278351300413,0.10174369452823119,1479.0
V-0042.2,CI-NS,2277,0.002064437249963065,0.08347209631359245,0.09298846399385156,1489.0
V-0043.2,CI-NS,852,0.003315102318449648,0.0887404415915493,0.10149176302816902,2081.0
V-0053.2,CI-Sep,1694,0.008144592309188311,0.09354306427567888,0.10697125737485243,2028.0
V-0055.2,CI-Sep,694,0.015576499710817003,0.1000764796743516,0.11267030614409222,1890.0
V-0058.2,CI-NS,4795,-0.0043460320101239205,0.07557486091057351,0.08286547268289886,1275.0
V-0060.2,CI-Sep,858,0.009245398170527972,0.09562805155244755,0.1095311817004662,2088.5
V-0063.2,CI-NS,1043,0.00564623245204698,0.09044180844487057,0.1022935681792905,1694.0
V-0064.2,CI-Sep,1383,0.011125296356306073,0.08983571713015184,0.09722241347866956,1232.0
V-0067.2,CI-NS,1810,-0.0068101927268085635,0.06971151827820442,0.07536636174049724,1085.5
V-0068.2,CI-Sep,1387,0.0022167787358399423,0.08690442185039654,0.09875160019682769,1772.0
V-0072.2,CI-Sep,699,-0.004827808026032904,0.0740451392174535,0.08251458173962804,1451.0
V-0073.2,CI-NS,7242,0.002520789499465963,0.07789693372051919,0.08316376317822424,1067.0
V-0076.2,CI-Sep,2606,0.0003768332127079816,0.0809426294769954,0.08861532450805833,1257.0
V-0077.2,CI-NS,856,0.018461943991991824,0.10320219176168224,0.11600451174883178,1852.0
V-0078.2,CI-NS,2841,0.0005169743860684618,0.08117085216115805,0.08844999142062654,1245.0
V-0079.2,CI-Sep,2663,-0.0013080181973428465,0.0822604523011641,0.092519103184003,1551.0
V-0081.2,CI-Sep,1168,0.006624678230885017,0.09121925690582192,0.10247043714811645,1631.5
V-0084.2,CI-NS,5959,0.0025852093622744255,0.08435812553322705,0.09262698441303911,1334.0
V-0085.2,CI-NS,4380,0.0048294879203720316,0.08412078777281963,0.09109732109052511,1213.5
V-0086.2,CI-Sep,2486,-0.0011917137347610216,0.07770698336403861,0.08419097504987932,1181.0
V-0089.2,CI-Sep,7285,-0.005242817006038229,0.07717348776877145,0.08581766318840083,1400.0
