rat_symbol,human_symbol,d_median
Actn1,ACTN1,0.68448925
Agpat3,AGPAT3,0.52060986
Aldh4a1,ALDH4A1,1.0738521
Ankib1,ANKIB1,0.66163445
Antxr2,ANTXR2,0.6938548
Arid5a,ARID5A,0.75266314
Arl6ip5,ARL6IP5,0.5382767
Asns,ASNS,1.2764697
Atp2b4,ATP2B4,1.0782943
Batf,BATF,0.74289894
Capn2,CAPN2,1.0506454
Cbx2,CBX2,0.56396437
Ccdc50,CCDC50,0.8994279
Cd200,CD200,1.4546361
Cd82,CD82,0.6833682
Cdc25b,CDC25B,1.5003805
Cers4,CERS4,0.8705616
Chn2,CHN2,1.3636637
Cldn10,CLDN10,4.077735
Clic1,CLIC1,0.5333128
Ctsf,CTSF,1.7059875
Cyba,CYBA,0.600791
Dap,DAP,1.2609901
Dennd3,DENND3,0.53893566
Dnajc3,DNAJC3,0.68497515
Dok2,DOK2,0.7377162
Dse,DSE,0.6938677
Dtx1,DTX1,1.254992
Dusp2,DUSP2,0.9209471
Eci1,ECI1,0.6938548
Eif4e3,EIF4E3,1.1120062
Eif4ebp1,EIF4EBP1,0.51398945
Fam241a,FAM241A,0.82235193
Filip1l,FILIP1L,1.7247748
Gale,GALE,0.79155827
Galnt2,GALNT2,0.5591006
Gda,GDA,0.7655101
Gimap4,GIMAP4,0.5316038
Gpr183,GPR183,1.0790825
Hif1a,HIF1A,0.55791473
Hivep2,HIVEP2,1.1433821
Il18r1,IL18R1,1.2670729
Il2rb,IL2RB,1.0751057
Il6r,IL6R,0.572783
Itga4,ITGA4,0.7295718
Itgal,ITGAL,0.5402999
Itgb1,ITGB1,1.6423774
Itm2c,ITM2C,0.8390131
Lag3,LAG3,1.684433
Lgmn,LGMN,1.6554608
Lime1,LIME1,0.7339277
Lrba,LRBA,0.6230402
Lysmd2,LYSMD2,0.83094406
Magt1,MAGT1,0.50704145
Map3k5,MAP3K5,0.8191314
Med30,MED30,0.5558958
Mlec,UNC119B,0.6431761
Mtg2,MTG2,0.5374327
N4bp2l1,N4BP2L1,0.9537444
Nab1,NAB1,0.56638193
Nbn,NBN,0.70871735
Nt5e,NT5E,0.54779434
Nudt5,NUDT5,1.0746641
Phtf2,PHTF2,1.0154533
Pigk,PIGK,0.5686674
Pptc7,PPTC7,0.5660124
Pstpip1,PSTPIP1,0.5554185
Ptpmt1,PTPMT1,0.83076096
Ptpn1,PTPN1,0.5474982
Ptpn7,PTPN7,0.5880656
Qprt,QPRT,0.8232155
Rabgap1l,RABGAP1L,0.8174572
Rap2c,RAP2C,0.5591006
Rinl,RINL,0.79927063
Rnf19b,RNF19B,1.5897522
Rnpep,RNPEP,0.8891535
S100a4,S100A4,1.6700025
Sesn3,SESN3,1.0558939
Slamf6,SLAMF6,0.88217306
Slc25a16,DNA2,0.5948758
Slc25a4,SLC25A4,1.1465554
Slc39a1,SLC39A1,0.59763765
Slc41a1,SLC41A1,0.7044163
Slc7a1,SLC7A1,1.173152
Smap1,SMAP1,0.7022371
Smarcal1,SMARCAL1,0.92209816
Smco4,SMCO4,0.8307409
Smpdl3a,SMPDL3A,2.0464697
Srgn,SRGN,0.5880432
Stard10,STARD10,0.72299194
Stk39,STK39,0.5137782
Tbc1d2b,TBC1D2B,0.7914276
Themis2,THEMIS2,1.3080673
Tiam1,TIAM1,1.9012079
Tnfsf8,TNFSF8,1.0547953
Tox2,TOX2,3.7558303
Tpst2,TPST2,0.72098255
Traf1,TRAF1,1.3028717
Traf3ip2,TRAF3IP2,1.3186498
Trappc6b,TRAPPC6B,0.5664387
Trat1,TRAT1,0.7842016
Trib2,TRIB2,0.8020487
Unc13d,UNC13D,0.6300435
Vav3,VAV3,0.5132432
Vmp1,VMP1,0.5908289
Ybx3,YBX3,1.9098139
Zc3h12d,ZC3H12D,1.6573901
