figure	panel	source_file	generating_script	key_variables	provenance_class	source_sha256	generating_script_sha256	note
Figure 1	A	metadata/ortholog_attrition.csv	manuscript/make_fig1.py	stage; n	literal_derived	54f6d2f04dc807ea0a0a3cf4ef8a85983110f6ad6a3f7e9321874017df287501	5bbcf08043bd590d2080c01a867cce4e5375c5f50fa9d97decd35f9ebc9b804e	155 and 107 are rows of this file; the displayed -48 is 155 minus 107
Figure 1	B	gate1_archive_2026-09-15/provenance/analysis_plan_frozen.md	manuscript/make_fig1.py	ambient retention; sign concordance; Sham1-excluded overlap; leave-one-rat-out AUROC	literal_derived	0e734334a7c313227c1a9c4284d4e713000296a51ff7d2092a180ead95a1c804	5bbcf08043bd590d2080c01a867cce4e5375c5f50fa9d97decd35f9ebc9b804e	retention 0.974 and sign 0.983 appear verbatim (ambient exclusion line); overlap 0.884 appears as 88.4%; the plotted 0.896 is the mean of the three held-out AUROCs 0.928/0.872/0.889 recorded for G0B-2, not a single AUROC -- the panel label does not currently say this
Figure 1	B	metadata/gate1_SAP.md	manuscript/make_fig1.py	prespecified thresholds 0.60 and 0.70	literal_traceable	9cc61448395ac9b74b51f6c8ddfb316726cd1936bbdaf668de2d94eed9b820d6	5bbcf08043bd590d2080c01a867cce4e5375c5f50fa9d97decd35f9ebc9b804e	the two orange threshold ticks; both floors are stated in the frozen plan and in Methods
Figure 2	A	analysis_results/gate1_gate_test_results.json	manuscript/make_figures.py	primary.beta/ci_lo/ci_hi; decomp_CD4 T CM; decomp_CD4 T Eff/EM	machine_read	7b02d54942e1c3f329812df41c73b52b697fd497354d39aaf6c8670ae2fd8f16	ccf21e7fec257399da917286fa31716359f02885c0b9ec3326462db677ebeb03	read via _fig_common.py as res[...]
Figure 2	B	analysis_results/gate1_cell_scores_calibrated.csv.gz	manuscript/make_figures.py	patient; celltype_fine; delta_ucell	machine_read	8348e1708537dbc1425d04596184a343658ec39e73332bc0f09870670c2df90c	ccf21e7fec257399da917286fa31716359f02885c0b9ec3326462db677ebeb03	per-patient state means mCM and mEM computed in _fig_common.py
Figure 2	B	analysis_results/gate1_cell_scores.csv.gz	manuscript/make_figures.py	cell_index; group; pop_primary_memory	machine_read	ab704e268efa5164592d598f3eaa214e5fc2a2aae59f83fb58d55f675fa631ca	ccf21e7fec257399da917286fa31716359f02885c0b9ec3326462db677ebeb03	supplies the group label and the primary-memory mask
Figure 2	C	analysis_results/gate1_cell_scores_calibrated.csv.gz	manuscript/make_figures.py	per-patient Eff/EM fraction	machine_read	8348e1708537dbc1425d04596184a343658ec39e73332bc0f09870670c2df90c	ccf21e7fec257399da917286fa31716359f02885c0b9ec3326462db677ebeb03	the plotted points are computed, not typed
Figure 2	C	analysis_results/figure2_state_proportions.csv	manuscript/make_figures.py	Eff/EM_prop	literal_traceable	71888671042e6e4c674a10a50880f0d1a12bdd814ff3897bf42605321b4155ca	ccf21e7fec257399da917286fa31716359f02885c0b9ec3326462db677ebeb03	the annotation '0.607 -> 0.420' is hard-coded; the group means of Eff/EM_prop in this file are 0.606651 (CI-NS) and 0.420310 (CI-Sep)
Figure 2	D	analysis_results/figure2_formal_decomposition.csv	manuscript/make_figures.py	within_state_at_NS_weights; composition_at_NS_levels; interaction; between_patient_covariance; observed_patient_weighted_total	machine_read	81bf41565da189b55e856cad924099888c66b904a381a7fd8713f8603cc126a4	ccf21e7fec257399da917286fa31716359f02885c0b9ec3326462db677ebeb03	all five bars and the footnote total are read from this file
Figure 2	D	scripts/figure2_decomposition_audit.py	manuscript/make_figures.py	-- generator of the source table --	machine_read	72b1419adef0ad033dab5368f24c6d0dcb85d3d7451ab7d92c8df70936aec740	ccf21e7fec257399da917286fa31716359f02885c0b9ec3326462db677ebeb03	computes the four terms directly from patient-level w_is and mu_is; asserts closure below 1e-12
Figure 3	A	analysis_results/gate1_cell_scores_calibrated.csv.gz	manuscript/make_fig34.py	nFeature_RNA; ucell_sig	machine_read	8348e1708537dbc1425d04596184a343658ec39e73332bc0f09870670c2df90c	00930c838721e8b9ce51b621ce774473d10b72890ec0a18dad174d244ccd5652	cell-level scatter, all donors
Figure 3	B	analysis_results/gate1_cell_scores_calibrated.csv.gz	manuscript/make_fig34.py	nFeature_RNA; delta_ucell	machine_read	8348e1708537dbc1425d04596184a343658ec39e73332bc0f09870670c2df90c	00930c838721e8b9ce51b621ce774473d10b72890ec0a18dad174d244ccd5652	cell-level scatter, all donors
Figure 3	A,B,C	analysis_results/figure3_depth_correlations.csv	manuscript/make_fig34.py	cell_raw; cell_calibrated; donor_raw; donor_calibrated; within_group_raw; within_group_calibrated	machine_read	674f3dcdcb4645c3056d2feece7d785c9a91076eca107b37ef67483cd9b8602a	00930c838721e8b9ce51b621ce774473d10b72890ec0a18dad174d244ccd5652	every rho printed on the panels is read from this file
Figure 3	C	analysis_results/gate1_patient_level_unblinded.csv	manuscript/make_fig34.py	med_nfeat; mean_raw; mean_delta; group	machine_read	ca596d38af54b546fb7141e18745bc56fb62f7d260c6135dde49623e1081c71f	00930c838721e8b9ce51b621ce774473d10b72890ec0a18dad174d244ccd5652	donor-level scatter, 47 donors
Figure 3	D	analysis_results/gate1_calibration_diagnostics.json	manuscript/make_fig34.py	signature and matched-control detection frequency and mean expression	machine_read	12a646cc0e28f9bcf41f4ad30132434abf48974ee78483657f3f1d6be08ac07e	00930c838721e8b9ce51b621ce774473d10b72890ec0a18dad174d244ccd5652	control-matching bars
Figure 3	A,B,C	scripts/figure3_depth_correlation_audit.py	manuscript/make_fig34.py	-- generator of the source table --	machine_read	644c3e116f811b3bbc6f99f81f7c89cbc2dfce122f3c0a6fb15f6c5addfaefa1	00930c838721e8b9ce51b621ce774473d10b72890ec0a18dad174d244ccd5652	recomputes all six rho values and asserts each against the previously hard-coded value
Figure 4	A	analysis_results/gate1_patient_level_unblinded.csv	manuscript/make_fig34.py	group; mean_delta	machine_read	ca596d38af54b546fb7141e18745bc56fb62f7d260c6135dde49623e1081c71f	00930c838721e8b9ce51b621ce774473d10b72890ec0a18dad174d244ccd5652	per-patient points and group means
Figure 4	A	analysis_results/gate1_patient_level_unblinded.csv	manuscript/make_fig34.py	group counts 9 / 19 / 19	literal_derived	ca596d38af54b546fb7141e18745bc56fb62f7d260c6135dde49623e1081c71f	00930c838721e8b9ce51b621ce774473d10b72890ec0a18dad174d244ccd5652	the three x-axis tick labels are hard-coded; they are the group value counts of this file
Figure 4	B	analysis_results/gate1_gate_test_results.json	manuscript/make_fig34.py	primary; sens1_unadjusted_delta; sens2_raw_adjusted; sens3_aucell_adjusted	machine_read	7b02d54942e1c3f329812df41c73b52b697fd497354d39aaf6c8670ae2fd8f16	00930c838721e8b9ce51b621ce774473d10b72890ec0a18dad174d244ccd5652	all four estimates and intervals
Figure 4	C	metadata/gate2_preregistration_DRAFT.md	manuscript/make_fig34.py	repositories searched; closest supportive cohorts; cohorts meeting all five criteria	literal_traceable	819acf7bb0a154affc564ba8370c0c1312de4183b748aae73cdfca764b258863	00930c838721e8b9ce51b621ce774473d10b72890ec0a18dad174d244ccd5652	the bar values 8 / 2 / 0 are hard-coded; the frozen plan enumerates exactly eight repositories (GEO, Broad Single Cell Portal, cellxgene Discover, dbGaP, EGA, GSA-Human/HRA, ArrayExpress/BioStudies, Zenodo) and states that none satisfies all five criteria
Figure 4	D	metadata/gate2b_preregistration_FROZEN_v1.0.md	manuscript/make_fig34.py	Kwok and Reyes qualifying patients per arm	literal_traceable	3fe5d8a3c8fc9401731975f6503d3ab218bf79f073831a355613c13622989c4a	00930c838721e8b9ce51b621ce774473d10b72890ec0a18dad174d244ccd5652	the fractions 14/26, 3/8, 4/7, 7/7 are hard-coded; the frozen Gate 2b plan and Supplementary Table S3 carry the same counts
Figure S1	--	(none)	manuscript/make_figS1.py	-- no data value --	text_only	n/a	d2c9ba167fd1c5cb8cb61f7012f3eb976b1637dbd9ba0c8ea688d70a5e68a08c	records the frozen model specification and its not-estimable status; contains no estimate
