column,n_unique,dtype
orig.ident,47,category
nCount_RNA,13936,float64
nFeature_RNA,4355,int32
percent.ribosomal,503654,float64
percent.heme,1101,float64
percent.mt,234278,float64
percent_mito_filtered,47,float64
percent_feature_filtered,47,float64
percent_doublets,47,float64
SCARAB_ID,47,category
Batch,4,category
Age,34,int32
Biologic_Sex,2,category
ICU,3,category
Group,3,category
Source,7,category
_scvi_batch,4,int8
_scvi_labels,1,int8
leiden,23,category
_scvi_raw_norm_scaling,6547,float64
highlight,2,category
leiden-sub,35,category
celltype_coarse,9,category
celltype_fine,27,category
umap_x,640854,float32
umap_y,636465,float32
group_density,644143,float64
